{"cameraMode":{"drawMode":0,"name":"Shaded","section":"Shading Mode"},"sceneLighting":true,"audioPlay":false,"sceneViewState":{"m_AlwaysRefresh":false,"showFog":true,"showSkybox":true,"showFlares":true,"showImageEffects":true,"showParticleSystems":true,"showVisualEffectGraphs":true,"m_FxEnabled":true},"in2DMode":false,"pivot":{"x":-0.7954967021942139,"y":0.6336827874183655,"z":0.5397854447364807},"rotation":{"x":0.015087188221514225,"y":-0.9847602248191834,"z":0.13105839490890504,"w":0.11335655301809311},"size":0.007395029067993164,"orthographic":false}