{"cameraMode":{"drawMode":0,"name":"Shaded","section":"Shading Mode"},"sceneLighting":true,"audioPlay":false,"sceneViewState":{"m_AlwaysRefresh":false,"showFog":true,"showSkybox":true,"showFlares":true,"showImageEffects":true,"showParticleSystems":true,"showVisualEffectGraphs":true,"m_FxEnabled":true},"in2DMode":false,"pivot":{"x":-0.39611801505088808,"y":1.2176610231399537,"z":1.1415305137634278},"rotation":{"x":-0.11000277101993561,"y":0.8877155780792236,"z":-0.3482097387313843,"w":-0.28046658635139468},"size":0.31399720907211306,"orthographic":false}