{"cameraMode":{"drawMode":0,"name":"Shaded","section":"Shading Mode"},"sceneLighting":true,"audioPlay":false,"sceneViewState":{"m_AlwaysRefresh":false,"showFog":true,"showSkybox":true,"showFlares":true,"showImageEffects":true,"showParticleSystems":true,"showVisualEffectGraphs":true,"m_FxEnabled":true},"in2DMode":false,"pivot":{"x":-0.0855737030506134,"y":0.5971419811248779,"z":0.5780247449874878},"rotation":{"x":0.1541125327348709,"y":-0.7982548475265503,"z":0.22997403144836427,"w":0.5349360108375549},"size":0.7869308590888977,"orthographic":true}